{
  "IsEncrypted": false,
  "Values": {
    "AzureWebJobsStorage": "UseDevelopmentStorage=true",
    "FUNCTIONS_WORKER_RUNTIME": "python",
    "STORAGE_CONNECTION": "<StorageAccountConnectionString>",
    "PURVIEW_NAME": "<your-purview-account-name>",
    "TENANT_ID": "<your-tenant-id>",
    "CLIENT_ID": "<your-client-id>",
    "CLIENT_SECRET": "<your-client-secret>",
    "INPUT_ENTITY_TYPE": "azure_datalake_gen2_resource_set",
    "OUTPUT_ENTITY_TYPE": "azure_datalake_gen2_resource_set",
    "PROCESS_ENTITY_TYPE": "azure_synapse_operation",
    "ENABLE_COLUMN_MAPPING": "true",
    "DEFAULT_COL_MAP_IDENTITY": "true"
  }
}